eventid,lat,lon,depth,mag,origin_time,evaluation_status,area
bmg2023toax,24.82017136,136.8263245,48.58060455,6.181465151,2023/10/06 01:32:15.533339,confirmed,Philippine Sea
bmg2023toas,0.1070086583,121.6808624,137.3889923,3.025817953,2023/10/06 01:26:09.841017,confirmed,"Minahassa Peninsula, Sulawesi"
bmg2023toah,-3.996346951,129.4465637,10.0,3.457343165,2023/10/06 01:13:49.776065,confirmed,"Seram, Indonesia"
bmg2023toag,-3.039713383,118.817688,11.996507639999999,2.381185223,2023/10/06 01:12:56.712568,confirmed,"Sulawesi, Indonesia"
bmg2023tnxe,-8.655797958,110.8885574,26.95556831,3.602652687,2023/10/05 23:38:52.225854,confirmed,"Java, Indonesia"
bmg2023tnwp,0.7333488464,120.0192413,10.0,3.106023036,2023/10/05 23:22:08.845739,confirmed,"Minahassa Peninsula, Sulawesi"
bmg2023tnus,0.5021953583,98.38473511,42.19365692,3.560657467,2023/10/05 22:24:54.387489,confirmed,"Northern Sumatra, Indonesia"
bmg2023tntu,30.84263611,141.4999084,36.38447952,5.371789581,2023/10/05 21:56:44.157359,confirmed,"Southeast of Honshu, Japan"
bmg2023tnrs,-9.600839615,119.983696,32.35433197,3.190078096,2023/10/05 20:54:00.640685,confirmed,"Sumba Region, Indonesia"
bmg2023tnrm,-2.175682545,121.0658035,10.0,2.962832811,2023/10/05 20:46:39.329227,confirmed,"Sulawesi, Indonesia"
bmg2023tnnp,-8.302109718,119.4950943,148.679245,2.971651982,2023/10/05 18:48:32.755035,confirmed,"Flores Region, Indonesia"
bmg2023tnit,-8.747442245,123.8405228,10.0,3.164223689,2023/10/05 16:21:44.712230,confirmed,"Flores Region, Indonesia"
bmg2023tnhw,-7.366044044,125.196785,440.222168,3.829630795,2023/10/05 15:55:03.182972,confirmed,Banda Sea
bmg2023tngp,-11.17989445,116.4354553,10.0,3.734825801,2023/10/05 15:16:29.514520,confirmed,"South of Sumbawa, Indonesia"
bmg2023tnfz,-0.157785967,125.3128662,10.0,3.190244527,2023/10/05 14:58:05.297217,confirmed,Southern Molucca Sea
bmg2023tnew,-6.730601788,130.0513306,148.3221741,3.983296363,2023/10/05 14:23:53.231397,confirmed,Banda Sea
bmg2023tndn,-8.203248978,107.9485626,23.64995003,3.08262011,2023/10/05 13:43:55.677504,final,"Java, Indonesia"
bmg2023tnbf,-6.47674799,105.5038528,56.98707199,3.544811799,2023/10/05 12:34:01.748775,final,"Sunda Strait, Indonesia"
bmg2023tnad,29.85074234,140.2285309,29.13002396,4.775495854,2023/10/05 12:01:07.186836,final,"Southeast of Honshu, Japan"
bmg2023tmxh,-2.70531559,129.6335144,10.0,3.431702703,2023/10/05 10:34:08.181139,final,"Seram, Indonesia"
bmg2023tmxg,-5.220471859,102.1017609,10.0,4.486152854,2023/10/05 10:33:47.124486,final,"Southern Sumatra, Indonesia"
bmg2023tmwx,-8.285132408,107.8633728,10.0,3.589739874,2023/10/05 10:23:27.375608,final,"Java, Indonesia"
bmg2023tmwq,1.923640847,96.69220734,14.21444035,3.617055161,2023/10/05 10:14:40.143547,confirmed,Off West Coast of Northern Sumatra
bmg2023tmtq,-8.206716537,107.9027405,12.227102279999999,3.326537885,2023/10/05 08:43:53.455995,final,"Java, Indonesia"
bmg2023tmpv,30.13050652,140.0463562,26.91445732,5.193791651,2023/10/05 06:48:27.289404,confirmed,"Southeast of Honshu, Japan"
bmg2023tmps,-4.062015057,133.8944702,27.5222683,4.141642667,2023/10/05 06:44:42.755360,confirmed,"West Papua Region, Indonesia"
bmg2023tmoy,30.24907303,139.9766541,33.20433426,5.81682589,2023/10/05 06:22:15.919101,confirmed,"Southeast of Honshu, Japan"
bmg2023tmld,-4.409827709,127.1324768,10.0,4.957148625,2023/10/05 04:25:47.059902,confirmed,Banda Sea
bmg2023tmkh,30.00752258,139.8763428,35.90322495,5.115674641,2023/10/05 04:00:05.215591,confirmed,"Southeast of Honshu, Japan"
bmg2023tmkb,-3.024423599,128.8874969,22.62988663,3.231184783,2023/10/05 03:53:28.841274,confirmed,"Seram, Indonesia"
bmg2023tmjo,4.15773344,125.7792282,71.21894073,4.959702409,2023/10/05 03:38:25.692053,confirmed,"Talaud Islands, Indonesia"
bmg2023tmiv,-8.887086868,109.9880295,10.0,3.215598618,2023/10/05 03:15:46.912551,final,"Java, Indonesia"
bmg2023tmib,30.08192253,139.9636078,51.90901947,5.655671489,2023/10/05 02:53:18.756409,confirmed,"Southeast of Honshu, Japan"
bmg2023tmhg,1.792288899,127.0445023,13.3639431,3.733548248,2023/10/05 02:28:30.924270,confirmed,"Halmahera, Indonesia"
bmg2023tmhb,1.758356333,127.0202713,11.472849850000001,3.703929695,2023/10/05 02:22:44.744938,confirmed,"Halmahera, Indonesia"
bmg2023tmgv,30.09569931,140.1968231,10.0,5.299337766,2023/10/05 02:15:15.565780,confirmed,"Southeast of Honshu, Japan"
bmg2023tmgn,29.15795326,139.5751343,75.92437744,5.429081808,2023/10/05 02:06:48.580996,confirmed,"Southeast of Honshu, Japan"
bmg2023tmgi,29.91918373,140.1595612,39.49002457,5.764246329,2023/10/05 02:00:03.202073,confirmed,"Southeast of Honshu, Japan"
bmg2023tmfs,-4.257462978,153.6663818,112.04764560000001,5.116240698,2023/10/05 01:42:22.119143,confirmed,"New Ireland Region, Papua New Guinea"
bmg2023tmeq,-4.029076576,133.9764099,19.12212753,4.049286371,2023/10/05 01:09:32.221050,confirmed,"West Papua Region, Indonesia"
bmg2023tmen,30.05702019,139.9067383,35.38411713,5.176224306,2023/10/05 01:05:14.080444,confirmed,"Southeast of Honshu, Japan"
bmg2023tmby,30.73724937,141.3293304,43.89735031,4.981947831,2023/10/04 23:47:27.771071,confirmed,"Southeast of Honshu, Japan"
bmg2023tmaz,29.9394474,140.1308899,27.69236565,5.657019623,2023/10/04 23:18:12.888283,reviewed,"Southeast of Honshu, Japan"
bmg2023tlzy,-0.6776027679,121.713768,10.0,2.760620902,2023/10/04 22:46:56.218521,final,"Minahassa Peninsula, Sulawesi"
bmg2023tlzd,-18.22907448,-178.2709045,563.0687866,5.313849871,2023/10/04 22:22:05.365789,reviewed,Fiji Islands Region
bmg2023tlyo,-0.5428993702,134.5974426,10.0,4.015005204,2023/10/04 22:04:43.575516,final,"West Papua Region, Indonesia"
bmg2023tlxm,2.594234228,126.883934,75.58470917,3.089330957,2023/10/04 21:32:48.256114,confirmed,Northern Molucca Sea
bmg2023tlwn,-4.176820755,102.367836,39.35218048,2.822848026,2023/10/04 21:03:18.670315,final,"Southern Sumatra, Indonesia"
bmg2023tlwm,-20.74568367,169.5126801,75.64865112,5.632998607,2023/10/04 21:01:50.365915,reviewed,Vanuatu Islands
bmg2023tlwj,0.8735732436,120.5549164,10.0,2.435995428,2023/10/04 20:58:51.795932,confirmed,"Minahassa Peninsula, Sulawesi"
bmg2023tlwf,2.017222881,123.0984879,10.89060497,3.575692327,2023/10/04 20:53:34.703877,confirmed,Celebes Sea
bmg2023tlvt,-9.354908943,125.3812408,23.32310486,3.120731193,2023/10/04 20:39:25.262091,final,Timor Region
bmg2023tlvs,2.458929539,129.44841,10.0,4.299178605,2023/10/04 20:38:32.205402,confirmed,"Halmahera, Indonesia"
bmg2023tluw,0.5549144745,124.4332123,10.0,2.650929798,2023/10/04 20:13:18.621064,final,"Minahassa Peninsula, Sulawesi"
bmg2023tlur,-0.7657176256,135.7406006,10.0,4.009790869,2023/10/04 20:07:03.708993,final,"West Papua Region, Indonesia"
bmg2023tlum,-8.363302231,124.0130539,33.11723709,2.486676362,2023/10/04 20:01:45.038789,final,Timor Region
bmg2023tlue,-6.902194977,130.0671082,157.0728302,4.174932822,2023/10/04 19:51:45.235673,confirmed,Banda Sea
bmg2023tlss,0.3378943205,122.0985718,163.464859,2.134944925,2023/10/04 19:07:22.141034,final,"Minahassa Peninsula, Sulawesi"
bmg2023tlsh,-0.06655233353,100.2924118,10.0,1.594312759,2023/10/04 18:54:55.710912,final,"Southern Sumatra, Indonesia"
bmg2023tlsb,-9.606103897,119.6401901,49.70715714,3.316181824,2023/10/04 18:47:52.196673,confirmed,"Sumba Region, Indonesia"
bmg2023tlro,21.29848289,136.7171631,555.0842896,4.589991882,2023/10/04 18:32:22.170891,reviewed,Philippine Sea
bmg2023tlrf,-4.121528625,133.9610443,10.0,2.895818439,2023/10/04 18:22:34.803782,final,"West Papua Region, Indonesia"
bmg2023tlpk,-1.277138591,134.4033508,10.0,3.283639559,2023/10/04 17:27:45.746106,final,"West Papua Region, Indonesia"
bmg2023tlpg,30.73991203,140.4243469,46.155273439999995,5.301840776,2023/10/04 17:22:40.287951,reviewed,"Southeast of Honshu, Japan"
bmg2023tlnn,-8.967202187,110.8283005,66.37545013,4.047464013,2023/10/04 16:30:25.197670,final,"Java, Indonesia"
bmg2023tlma,2.992938042,128.3308868,209.9612274,3.623118565,2023/10/04 15:44:19.871446,final,"Halmahera, Indonesia"
bmg2023tllp,-4.056965351,135.2179108,10.0,3.277285687,2023/10/04 15:32:40.573367,final,"West Papua Region, Indonesia"
bmg2023tlkm,-1.202857375,119.9329529,10.0,2.825034272,2023/10/04 14:57:53.599235,final,"Sulawesi, Indonesia"
bmg2023tliy,-9.279047012,124.9238434,10.0,3.882551664,2023/10/04 14:11:30.537596,confirmed,Timor Region
bmg2023tlgy,-6.366685867,130.8095856,82.15649413999999,4.58132386,2023/10/04 13:10:49.325893,confirmed,Banda Sea
bmg2023tlge,-0.2242228687,123.1254883,85.87378693000001,2.97484041,2023/10/04 12:48:07.590750,confirmed,"Minahassa Peninsula, Sulawesi"
bmg2023tleo,-1.573979616,138.8769073,10.0,3.054840493,2023/10/04 11:58:30.293854,confirmed,Near North Coast of West Papua
bmg2023tlek,-9.228085518,124.8188171,10.0,3.072716819,2023/10/04 11:54:19.264046,confirmed,Timor Region
bmg2023tldi,5.375644207,126.1427765,126.3388901,6.706091697,2023/10/04 11:21:49.570478,confirmed,"Mindanao, Philippines"
bmg2023tldb,30.69453049,141.9820862,10.0,5.266336898,2023/10/04 11:13:20.245554,confirmed,"Southeast of Honshu, Japan"
bmg2023tlda,-9.198996544,124.9822388,20.83367729,4.653866975,2023/10/04 11:11:42.343316,confirmed,Timor Region
bmg2023tlcu,29.7994175,140.1340637,10.977980610000001,5.645209881,2023/10/04 11:05:19.682505,confirmed,"Southeast of Honshu, Japan"
bmg2023tlcb,-9.718612671,120.0520477,48.86787796,2.633373507,2023/10/04 10:42:52.618002,confirmed,"Sumba Region, Indonesia"
bmg2023tlbj,-0.8764233589,127.5532455,10.0,3.303334741,2023/10/04 10:21:54.393859,confirmed,"Halmahera, Indonesia"
bmg2023tlbf,4.481043816,126.1617355,90.53594208,4.234654015,2023/10/04 10:17:21.952862,confirmed,"Talaud Islands, Indonesia"
bmg2023tkuh,-7.175718307,109.7968826,19.99310875,1.91823889,2023/10/04 06:48:02.303227,final,"Java, Indonesia"
bmg2023tksq,30.71108055,141.9163208,29.091329570000003,5.575069928,2023/10/04 05:57:20.801688,final,"Southeast of Honshu, Japan"
bmg2023tksg,0.07994349301,121.8840866,162.09730530000002,2.561744289,2023/10/04 05:45:57.724415,final,"Minahassa Peninsula, Sulawesi"
bmg2023tksb,0.202065438,122.9184418,151.1792145,2.819180733,2023/10/04 05:40:14.736612,final,"Minahassa Peninsula, Sulawesi"
bmg2023tkro,-9.445837021,119.128479,57.855590819999996,3.045114402,2023/10/04 05:24:17.026925,final,"Sumba Region, Indonesia"
bmg2023tkri,-9.434698105,116.3590622,51.516056060000004,2.85593483,2023/10/04 05:17:30.959092,final,"Sumbawa Region, Indonesia"
bmg2023tkqp,31.00351906,141.8897705,54.16936111,5.575111226,2023/10/04 04:55:52.638309,final,"Southeast of Honshu, Japan"
bmg2023tkny,19.36945343,121.2238235,80.86091614,5.809515398,2023/10/04 03:35:14.980312,final,Philippine Islands Region
bmg2023tkln,-9.341983795,119.0937729,27.49039459,2.805566041,2023/10/04 02:21:24.185481,final,"Sumba Region, Indonesia"
bmg2023tklm,29.92764854,139.912262,40.47145081,5.647584497,2023/10/04 02:19:12.780241,final,"Southeast of Honshu, Japan"
bmg2023tkll,-4.135522366,121.6978455,10.0,3.773066035,2023/10/04 02:18:47.041110,final,"Sulawesi, Indonesia"
bmg2023tkil,-2.125632048,121.0252151,10.0,2.855159475,2023/10/04 00:47:59.645104,final,"Sulawesi, Indonesia"
bmg2023tkhh,29.97454453,140.0167542,50.405490879999995,5.205767353,2023/10/04 00:13:51.243301,final,"Southeast of Honshu, Japan"
bmg2023tkdl,-5.212293625,102.3513336,10.0,4.88513751,2023/10/03 22:17:03.892028,confirmed,"Southern Sumatra, Indonesia"
bmg2023tkbp,-23.40175629,179.9626007,575.2380370999999,5.2391641,2023/10/03 21:21:04.069145,confirmed,South of Fiji Islands
bmg2023tkaa,29.96337318,140.1466217,21.109571459999998,5.304414347,2023/10/03 20:32:38.039780,confirmed,"Southeast of Honshu, Japan"
bmg2023tjyw,2.861649036,127.1492386,10.0,3.504251949,2023/10/03 19:57:31.472058,confirmed,Northern Molucca Sea
bmg2023tjxw,29.93426895,140.1189423,10.62845039,5.067053813,2023/10/03 19:27:14.074868,confirmed,"Southeast of Honshu, Japan"
bmg2023tjxn,28.39417267,138.8838196,500.81018070000005,5.538768532,2023/10/03 19:16:56.986033,confirmed,"Bonin Islands, Japan Region"
bmg2023tjwb,-8.065473557,117.6773453,15.60287666,3.196225558,2023/10/03 18:32:43.315414,confirmed,"Sumbawa Region, Indonesia"
bmg2023tjvv,1.749800324,126.291275,10.0,3.059999979,2023/10/03 18:26:13.163337,confirmed,Northern Molucca Sea
bmg2023tjvb,3.679986954,124.7999496,294.17736820000005,4.155100874,2023/10/03 18:02:42.761179,confirmed,Celebes Sea
bmg2023tjrz,-8.449520111,121.9294968,10.0,2.378037289,2023/10/03 16:29:42.023461,confirmed,"Flores Region, Indonesia"
bmg2023tjrg,0.3211089671,122.2756882,157.9387512,3.902032436,2023/10/03 16:07:12.856784,confirmed,"Minahassa Peninsula, Sulawesi"
bmg2023tjqw,-8.454509735,115.8366928,24.800315859999998,3.087745511,2023/10/03 15:55:15.635912,confirmed,"Bali Region, Indonesia"
bmg2023tjpu,30.01259232,139.9742126,23.30820656,5.92280651,2023/10/03 15:22:40.872656,confirmed,"Southeast of Honshu, Japan"
bmg2023tjpm,-2.233815432,121.0922623,10.0,2.911472813,2023/10/03 15:13:28.493775,confirmed,"Sulawesi, Indonesia"
bmg2023tjph,2.120275021,120.9945526,10.0,4.222104988,2023/10/03 15:07:29.416168,confirmed,Celebes Sea
bmg2023tjol,3.377552986,97.13258362,14.68814754,2.574119438,2023/10/03 14:42:20.876638,confirmed,"Northern Sumatra, Indonesia"
bmg2023tjnx,-2.442550898,121.1739349,10.0,1.811522261,2023/10/03 14:25:25.444478,confirmed,"Sulawesi, Indonesia"
bmg2023tjnl,-9.586015701,118.4880295,11.46774006,3.360682293,2023/10/03 14:11:50.548293,confirmed,"Sumbawa Region, Indonesia"
bmg2023tjmv,4.543815613,127.4658966,87.27130890000001,4.969698458,2023/10/03 13:53:07.076882,confirmed,"Talaud Islands, Indonesia"
bmg2023tjmg,-7.210046291,109.860939,19.812006,2.075911582,2023/10/03 13:35:18.483965,confirmed,"Java, Indonesia"
bmg2023tjlm,-0.1236664206,123.20961,154.49273680000002,3.164112472,2023/10/03 13:12:14.174868,confirmed,"Minahassa Peninsula, Sulawesi"
bmg2023tjku,-7.422983646,107.4388046,10.0,2.750317801,2023/10/03 12:50:55.978677,confirmed,"Java, Indonesia"
bmg2023tjij,29.93567657,140.0375824,10.0,5.864604322,2023/10/03 11:38:05.941227,confirmed,"Southeast of Honshu, Japan"
bmg2023tjif,-9.274974823,114.5358887,28.48493195,4.32813738,2023/10/03 11:32:53.994564,confirmed,"South of Bali, Indonesia"
bmg2023tjhs,-8.898448944,112.871933,20.76906395,3.43544529,2023/10/03 11:17:37.970345,confirmed,"Java, Indonesia"
bmg2023tjho,-2.957793713,129.7773743,10.0,2.737849197,2023/10/03 11:13:35.709497,confirmed,"Seram, Indonesia"
bmg2023tjhc,36.44396591,70.79590607,194.5127106,4.95557038,2023/10/03 10:59:08.894361,confirmed,"Hindu Kush Region, Afghanistan"
bmg2023tjgw,-9.129074097,117.5558319,75.57433319,2.660130987,2023/10/03 10:52:08.850121,confirmed,"Sumbawa Region, Indonesia"
bmg2023tjgi,-7.648966312,106.4548264,30.59334373,2.862676051,2023/10/03 10:35:57.994502,confirmed,"Java, Indonesia"
bmg2023tjdw,29.49655724,81.31671143,22.76538467,5.703688869,2023/10/03 09:21:04.794668,confirmed,Nepal
bmg2023tjdu,-0.03323384002,125.3330536,30.83919907,3.735900189,2023/10/03 09:18:49.700183,confirmed,Southern Molucca Sea
bmg2023tjdp,-6.458125591,104.5762329,10.82932949,2.913054008,2023/10/03 09:13:02.612512,confirmed,"Sunda Strait, Indonesia"
bmg2023tjdf,1.668423057,99.1587677,10.0,2.850630294,2023/10/03 09:01:15.777677,confirmed,"Northern Sumatra, Indonesia"
bmg2023tixg,-6.338106155,130.3446808,160.9467163,4.332538236,2023/10/03 06:00:45.134535,final,Banda Sea
bmg2023tiwb,-7.013786793,107.0763245,11.5031004,2.387077726,2023/10/03 05:24:31.207351,final,"Java, Indonesia"
bmg2023tiux,-4.454334259,119.8388214,12.704674720000002,2.172107331,2023/10/03 04:49:18.975737,final,"Sulawesi, Indonesia"
bmg2023tiuu,-4.321251392,153.2835846,127.84577180000001,5.219471204,2023/10/03 04:46:22.129434,final,"New Ireland Region, Papua New Guinea"
bmg2023tiuo,1.269244552,128.2700653,10.0,3.979079337,2023/10/03 04:38:44.947411,final,"Halmahera, Indonesia"
bmg2023titt,-0.3995405138,98.16888428,20.64357185,4.520957611,2023/10/03 04:14:28.191167,confirmed,"Southern Sumatra, Indonesia"
bmg2023tits,0.1444218755,93.50998688,10.0,5.717781268,2023/10/03 04:13:24.206437,confirmed,Off West Coast of Northern Sumatra
bmg2023titp,-7.595153809,108.4501953,32.64740372,2.733282919,2023/10/03 04:09:37.092747,final,"Java, Indonesia"
bmg2023titf,2.355339527,126.9153442,12.41009903,4.140412008,2023/10/03 03:58:22.413583,final,Northern Molucca Sea
bmg2023tisq,-7.936160564,117.5106812,13.59603119,3.175817363,2023/10/03 03:41:25.338378,final,Bali Sea
bmg2023tirw,-5.732431889,128.8157196,294.9879456,4.026457807,2023/10/03 03:17:50.998665,final,Banda Sea
bmg2023tirl,-0.244766742,98.82521057,19.8307991,3.569727237,2023/10/03 03:04:49.225421,confirmed,"Southern Sumatra, Indonesia"
bmg2023tiqn,0.529673636,123.7969894,253.10368350000002,3.634156915,2023/10/03 02:37:26.991888,final,"Minahassa Peninsula, Sulawesi"
bmg2023tipe,-4.424578667,153.4521027,118.9622192,5.782481974,2023/10/03 01:56:22.134254,final,"New Ireland Region, Papua New Guinea"
bmg2023timv,-0.6801448464,134.1139679,10.0,3.513765534,2023/10/03 00:45:18.123525,confirmed,"West Papua Region, Indonesia"
bmg2023tild,-0.167146191,122.5966797,18.254589080000002,2.554101682,2023/10/02 23:53:02.262742,final,"Minahassa Peninsula, Sulawesi"
bmg2023tilc,-3.999477148,133.9609375,15.24698925,4.39320737,2023/10/02 23:52:11.815795,final,"West Papua Region, Indonesia"
bmg2023tihj,-8.622379303,116.8432083,121.84456630000001,3.083480139,2023/10/02 21:59:46.907102,final,"Sumbawa Region, Indonesia"
bmg2023tigk,12.21092224,124.3167648,14.31898403,4.783468726,2023/10/02 21:30:11.907431,final,"Samar, Philippines"
bmg2023tifj,4.752868176,126.56073,20.99864578,4.321155934,2023/10/02 20:59:10.613695,final,"Talaud Islands, Indonesia"
bmg2023tidk,-9.040576935,123.966362,72.83712006,4.182374264,2023/10/02 19:58:51.992834,final,Timor Region
bmg2023tidf,-4.119896889,134.0787811,14.23478794,3.766913424,2023/10/02 19:54:00.497163,final,"West Papua Region, Indonesia"
bmg2023tibk,1.452193856,122.9394302,10.0,2.92166949,2023/10/02 18:58:29.309294,final,"Minahassa Peninsula, Sulawesi"
bmg2023tibc,-3.472388029,128.1678314,10.0,2.094151252,2023/10/02 18:49:14.719424,final,"Seram, Indonesia"
bmg2023tiav,-8.00186348,119.4620132,258.399292,2.751487691,2023/10/02 18:41:37.449566,final,"Flores Region, Indonesia"
bmg2023tiaw,3.54334569,97.63755035,102.65386199999999,3.489028112,2023/10/02 18:41:06.893217,final,"Northern Sumatra, Indonesia"
bmg2023tian,-1.435021639,126.3834839,10.0,3.164312247,2023/10/02 18:31:20.919738,final,Southern Molucca Sea
bmg2023tial,-3.056729555,102.2000046,88.87730408,2.393912044,2023/10/02 18:29:08.491683,final,"Southern Sumatra, Indonesia"
bmg2023thzo,1.417005301,122.9478226,10.57939434,2.368686809,2023/10/02 18:03:08.664010,final,"Minahassa Peninsula, Sulawesi"
bmg2023thyj,-4.049651146,133.9795532,18.73278809,4.78684911,2023/10/02 17:26:39.585384,final,"West Papua Region, Indonesia"
bmg2023thxl,-4.793403625,102.9113464,26.94564819,2.67384806,2023/10/02 16:59:08.636313,final,"Southern Sumatra, Indonesia"
bmg2023thxc,-4.114612103,133.9032288,10.657666209999999,3.075367822,2023/10/02 16:48:36.325240,final,"West Papua Region, Indonesia"
bmg2023thwy,-0.2058096379,132.8251038,10.0,3.047217288,2023/10/02 16:43:59.774815,final,"West Papua Region, Indonesia"
bmg2023thwq,-4.090818882,133.8597107,11.950087550000001,2.927498425,2023/10/02 16:33:52.597566,final,"West Papua Region, Indonesia"
bmg2023thub,-0.6274562478,123.4582062,11.5625515,3.223867973,2023/10/02 15:16:19.578698,final,"Minahassa Peninsula, Sulawesi"
bmg2023thsh,1.72110045,99.14086914,10.0,3.763193695,2023/10/02 14:22:05.014074,final,"Northern Sumatra, Indonesia"
bmg2023thsd,29.89421272,140.0753937,10.0,5.049982858,2023/10/02 14:17:58.143952,final,"Southeast of Honshu, Japan"
bmg2023thrr,38.74840164,71.69142151,46.257053379999995,5.338032545,2023/10/02 14:03:44.600782,final,Afghanistan-Tajikistan Border Region
bmg2023thqi,-0.2393348962,122.9845657,62.362987520000004,3.185588652,2023/10/02 13:22:49.460587,confirmed,"Minahassa Peninsula, Sulawesi"
bmg2023thpc,25.94664574,90.5082016,19.010742190000002,4.863685572,2023/10/02 12:45:18.246541,reviewed,India-Bangladesh Border Region
bmg2023thol,-4.038351059,133.9991455,16.48506737,4.740613984,2023/10/02 12:26:12.613326,confirmed,"West Papua Region, Indonesia"
bmg2023thnt,-4.0704813,133.9179077,12.412337299999999,3.794525413,2023/10/02 12:05:02.034832,final,"West Papua Region, Indonesia"
bmg2023thns,-3.465964556,128.3450623,15.06705284,2.063441462,2023/10/02 12:03:18.444579,final,"Seram, Indonesia"
bmg2023thnk,-9.314139366,120.2973251,19.70677567,2.031927662,2023/10/02 11:54:04.899518,final,"Sumba Region, Indonesia"
bmg2023thmn,-7.29077816,120.8674927,522.9876709,3.577162406,2023/10/02 11:28:01.145025,confirmed,Flores Sea
bmg2023thlv,-4.175896168,133.8974915,10.20619583,3.28549848,2023/10/02 11:06:02.222880,final,"West Papua Region, Indonesia"
bmg2023thln,0.3303028941,126.3938599,16.13762283,3.466493204,2023/10/02 10:56:51.398656,confirmed,Northern Molucca Sea
bmg2023thkz,-4.066111088,133.9586029,12.49438572,4.745148581,2023/10/02 10:40:42.815277,confirmed,"West Papua Region, Indonesia"
bmg2023thke,-3.264595985,128.8670959,10.0,2.525144684,2023/10/02 10:16:06.994557,final,"Seram, Indonesia"
bmg2023thjf,-8.560603142,118.3825531,109.52840420000001,3.330338886,2023/10/02 09:46:49.063684,final,"Sumbawa Region, Indonesia"
bmg2023thix,-7.140419483,125.4619141,459.6724548,4.216578391,2023/10/02 09:37:28.159683,final,Banda Sea
bmg2023thip,-4.089681625,133.9094238,11.10620117,3.640513271,2023/10/02 09:28:41.325811,confirmed,"West Papua Region, Indonesia"
bmg2023thie,-4.117462158,133.9878693,12.45803165,4.534732545,2023/10/02 09:15:33.893723,confirmed,"West Papua Region, Indonesia"
bmg2023thhz,-4.110177517,133.8843384,12.1056366,4.071540538,2023/10/02 09:09:40.570348,final,"West Papua Region, Indonesia"
bmg2023thhp,-4.09017849,134.0536804,10.0,5.439782212,2023/10/02 08:58:40.148009,confirmed,"West Papua Region, Indonesia"
bmg2023thdu,-7.883270264,118.5921631,130.9994812,2.980302223,2023/10/02 07:02:41.659401,final,Flores Sea
bmg2023thcq,-6.94372654,130.0775604,116.7880173,4.947530592,2023/10/02 06:28:20.990943,final,Banda Sea
bmg2023thaw,-21.07689476,-179.462738,666.3341064,5.104684847,2023/10/02 05:34:27.376089,reviewed,Fiji Islands Region
bmg2023tgyh,1.706348419,127.1196747,38.427570339999995,3.311408861,2023/10/02 04:16:37.806330,final,"Halmahera, Indonesia"
bmg2023tgtq,0.9797982574,121.0055008,14.73253059,3.247962895,2023/10/02 01:54:45.876717,confirmed,"Minahassa Peninsula, Sulawesi"
bmg2023tgta,0.0510610491,119.7119598,10.0,2.845356241,2023/10/02 01:36:20.325016,final,"Minahassa Peninsula, Sulawesi"
bmg2023tgnr,8.178181648,126.8696442,10.99962139,4.657827915,2023/10/01 22:54:21.828804,reviewed,"Mindanao, Philippines"
bmg2023tglx,-2.592569351,128.8063507,10.0,3.123800868,2023/10/01 22:00:18.924915,final,Ceram Sea
bmg2023tgli,-2.243774891,120.0855865,10.0,2.765449112,2023/10/01 21:42:38.730648,final,"Sulawesi, Indonesia"
bmg2023tgjh,-9.302090645,118.8337708,31.98142052,2.350912064,2023/10/01 20:41:17.438268,confirmed,"Sumbawa Region, Indonesia"
bmg2023tgim,-4.216495991,102.799057,67.53152466,2.972359663,2023/10/01 20:17:02.815337,final,"Southern Sumatra, Indonesia"
bmg2023tfzv,-6.756340981,105.151886,12.96879673,3.749651407,2023/10/01 15:54:48.878223,final,"Sunda Strait, Indonesia"
bmg2023tfxa,0.6451758742,120.3260422,10.0,3.149645681,2023/10/01 14:29:40.953419,final,"Minahassa Peninsula, Sulawesi"
bmg2023tfsd,-2.846277237,129.6664581,10.56903744,3.042610209,2023/10/01 12:01:56.297776,final,"Seram, Indonesia"
bmg2023tfsa,-1.018865585,120.4339294,10.0,3.055002884,2023/10/01 11:57:37.060922,final,"Sulawesi, Indonesia"
bmg2023tfri,-9.756725311,119.0887146,10.0,2.610116424,2023/10/01 11:37:21.210168,confirmed,"Sumba Region, Indonesia"
bmg2023tfoz,-4.709710121,143.2011108,81.7206192,4.82567317,2023/10/01 10:25:51.548330,reviewed,"New Guinea, Papua New Guinea"
bmg2023tfox,-5.248685837,148.8005219,10.25655556,4.999438186,2023/10/01 10:24:32.872146,confirmed,"New Britain Region, Papua New Guinea"
bmg2023tfob,2.07349968,126.6889191,12.07458687,3.33503387,2023/10/01 09:58:08.292568,final,Northern Molucca Sea
bmg2023tfnr,-10.52660561,120.480629,11.958059310000001,3.006071625,2023/10/01 09:46:22.968819,final,"Sumba Region, Indonesia"
bmg2023tfib,-8.709753036,120.9690933,6.0,3.034627282,2023/10/01 06:55:42.096619,final,"Flores Region, Indonesia"
bmg2023tffn,-0.1086684391,124.1694031,31.69651031,4.012484484,2023/10/01 05:38:44.327181,final,Southern Molucca Sea
bmg2023tfcg,-7.210086346,106.5850906,109.4260406,5.350891329,2023/10/01 04:00:24.386529,final,"Java, Indonesia"
bmg2023tfca,-3.051428318,129.8734436,21.02856445,3.159156383,2023/10/01 03:52:53.135348,final,"Seram, Indonesia"
bmg2023tfbi,-8.791002274,122.5682755,110.2979965,3.176498245,2023/10/01 03:31:23.393446,final,"Flores Region, Indonesia"
bmg2023teyy,-1.062931538,127.2640762,4.0,3.496188074,2023/10/01 02:19:37.801684,final,"Halmahera, Indonesia"
bmg2023teyw,-7.714886189,106.6418762,19.18032455,2.800482635,2023/10/01 02:16:59.875392,final,"Java, Indonesia"
bmg2023text,0.4897275567,121.3009109,64.67524719000001,3.119944392,2023/10/01 01:42:54.833376,final,"Minahassa Peninsula, Sulawesi"
bmg2023texj,0.8125251532,130.100769,10.0,3.985489543,2023/10/01 01:31:29.249000,final,"West Papua Region, Indonesia"
bmg2023teuy,-10.57391262,113.0924454,20.0,5.043808294,2023/10/01 00:18:43.682456,final,"South of Java, Indonesia"
